Tag,Loop,Instrument Type,Service,Equipment / Line,P&ID Ref,Range Min,Range Max,Units,Signal,Loop Powered,I/O Type,Fail Position,Location Note,Panel,Terminal,Rationale,Status
FS-111,111,Flow switch,CH-1 evaporator flow,CH-1 inlet branch,DC-I-001,,,,Dry contact,,DI,,On CH-1 inlet branch,CP-1,TB-DI1-01,"Interlock: no flow, no chiller start (freeze protection)",Approved
TT-112,112,"RTD Pt100 temperature transmitter, in thermowell",CH-1 evaporator leaving water temperature,CH-1 outlet branch,DC-I-001,0,20,°C,4-20 mA,Y,AI,,"In thermowell, tip in middle third of pipe; on CH-1 outlet branch",CP-1,TB-AI1-01,Chiller performance monitoring,Approved
XV-113,113,On/off actuated butterfly valve,CH-1 CHW isolation valve,CH-1 inlet branch,DC-I-001,,,,24 VDC,,DO,FO,On CH-1 inlet branch; actuator accessible,CP-1,TB-DO1-01,Mode switching; isolates an offline chiller,Approved
ZSC-113,113,Limit switch (closed),XV-113 closed proof,XV-113,DC-I-001,,,,Dry contact,,DI,,On XV-113 actuator,CP-1,TB-DI1-02,"Prove the valve closed (mode switch, isolation)",Approved
ZSO-113,113,Limit switch (open),XV-113 open proof,XV-113,DC-I-001,,,,Dry contact,,DI,,On XV-113 actuator,CP-1,TB-DI1-03,Prove the valve opened before chiller start,Approved
TT-114,114,"RTD Pt100 temperature transmitter, in thermowell",CH-1 evaporator entering water temperature,CH-1 inlet branch,DC-I-001,0,30,°C,4-20 mA,Y,AI,,"In thermowell, tip in middle third of pipe; on CH-1 inlet branch",CP-1,TB-AI1-02,Per-chiller delta-T and load,Approved
FS-121,121,Flow switch,CH-2 evaporator flow,CH-2 inlet branch,DC-I-001,,,,Dry contact,,DI,,On CH-2 inlet branch,CP-1,TB-DI1-04,"Interlock: no flow, no chiller start (freeze protection)",Approved
TT-122,122,"RTD Pt100 temperature transmitter, in thermowell",CH-2 evaporator leaving water temperature,CH-2 outlet branch,DC-I-001,0,20,°C,4-20 mA,Y,AI,,"In thermowell, tip in middle third of pipe; on CH-2 outlet branch",CP-1,TB-AI1-03,Chiller performance monitoring,Approved
XV-123,123,On/off actuated butterfly valve,CH-2 CHW isolation valve,CH-2 inlet branch,DC-I-001,,,,24 VDC,,DO,FO,On CH-2 inlet branch; actuator accessible,CP-1,TB-DO1-02,Mode switching; isolates an offline chiller,Approved
ZSC-123,123,Limit switch (closed),XV-123 closed proof,XV-123,DC-I-001,,,,Dry contact,,DI,,On XV-123 actuator,CP-1,TB-DI1-05,"Prove the valve closed (mode switch, isolation)",Approved
ZSO-123,123,Limit switch (open),XV-123 open proof,XV-123,DC-I-001,,,,Dry contact,,DI,,On XV-123 actuator,CP-1,TB-DI1-06,Prove the valve opened before chiller start,Approved
TT-124,124,"RTD Pt100 temperature transmitter, in thermowell",CH-2 evaporator entering water temperature,CH-2 inlet branch,DC-I-001,0,30,°C,4-20 mA,Y,AI,,"In thermowell, tip in middle third of pipe; on CH-2 inlet branch",CP-1,TB-AI1-04,Per-chiller delta-T and load,Approved
PT-211,211,"Pressure transmitter, with root valve",PCHWP-1 discharge pressure,PCHWP-1 discharge,DC-I-001,0,1000,kPa,4-20 mA,Y,AI,,"On PCHWP-1 discharge riser, with root valve",CP-1,TB-AI1-05,Pump health; proves flow,Approved
PT-221,221,"Pressure transmitter, with root valve",PCHWP-2 discharge pressure,PCHWP-2 discharge,DC-I-001,0,1000,kPa,4-20 mA,Y,AI,,"On PCHWP-2 discharge riser, with root valve",CP-1,TB-AI1-06,Pump health; proves flow,Approved
PT-311,311,"Pressure transmitter, with root valve",SCHWP-1 discharge pressure,SCHWP-1 discharge,DC-I-001,0,1000,kPa,4-20 mA,Y,AI,,"On SCHWP-1 discharge riser, with root valve",CP-1,TB-AI1-07,Pump health; proves flow,Approved
PT-321,321,"Pressure transmitter, with root valve",SCHWP-2 discharge pressure,SCHWP-2 discharge,DC-I-001,0,1000,kPa,4-20 mA,Y,AI,,"On SCHWP-2 discharge riser, with root valve",CP-1,TB-AI1-08,Pump health; proves flow,Approved
TCV-411,411,Modulating control valve with actuator,CRAH-1 chilled water coil valve,CRAH-1 supply branch,DC-I-001,0,100,%,4-20 mA,,AO,FO,On CRAH-1 supply branch,CP-1,TB-AO1-01,Controls CRAH-1 supply air temperature,Approved
ZT-411,411,Valve position transmitter,TCV-411 position feedback,TCV-411,DC-I-001,0,100,%,4-20 mA,N,AI,,On TCV-411 actuator,CP-1,TB-AI2-01,Confirms the valve went where it was told,Approved
TT-412,412,"Duct temperature sensor, averaging element",CRAH-1 supply air temperature,CRAH-1 supply duct,DC-I-001,0,40,°C,4-20 mA,Y,AI,,Downstream of coil and fan where air has mixed; averaging element,CP-1,TB-AI2-02,TCV-411 control variable (18°C),Approved
TT-413,413,Duct temperature sensor,CRAH-1 return air temperature,CRAH-1 return inlet,DC-I-001,0,50,°C,4-20 mA,Y,AI,,At CRAH-1 return air inlet,CP-1,TB-AI2-03,Monitors room heat load,Approved
XS-414,414,Leak detection cable with alarm relay,CRAH-1 leak detection,Floor at CRAH-1,DC-I-001,,,,Dry contact,,DI,,"Sensing cable on floor around CRAH-1, at low points",CP-1,TB-DI1-07,Water near IT equipment: highest-priority alarm,Approved
TCV-421,421,Modulating control valve with actuator,CRAH-2 chilled water coil valve,CRAH-2 supply branch,DC-I-001,0,100,%,4-20 mA,,AO,FO,On CRAH-2 supply branch,CP-1,TB-AO1-02,Controls CRAH-2 supply air temperature,Approved
ZT-421,421,Valve position transmitter,TCV-421 position feedback,TCV-421,DC-I-001,0,100,%,4-20 mA,N,AI,,On TCV-421 actuator,CP-1,TB-AI2-04,Confirms the valve went where it was told,Approved
TT-422,422,"Duct temperature sensor, averaging element",CRAH-2 supply air temperature,CRAH-2 supply duct,DC-I-001,0,40,°C,4-20 mA,Y,AI,,Downstream of coil and fan where air has mixed; averaging element,CP-1,TB-AI2-05,TCV-421 control variable (18°C),Approved
TT-423,423,Duct temperature sensor,CRAH-2 return air temperature,CRAH-2 return inlet,DC-I-001,0,50,°C,4-20 mA,Y,AI,,At CRAH-2 return air inlet,CP-1,TB-AI2-06,Monitors room heat load,Approved
XS-424,424,Leak detection cable with alarm relay,CRAH-2 leak detection,Floor at CRAH-2,DC-I-001,,,,Dry contact,,DI,,"Sensing cable on floor around CRAH-2, at low points",CP-1,TB-DI1-08,Water near IT equipment: highest-priority alarm,Approved
TT-501,501,"RTD Pt100 temperature transmitter, in thermowell",CHW supply header temperature,Secondary supply main (CHWS),DC-I-001,0,20,°C,4-20 mA,Y,AI,,"In thermowell, tip in middle third of pipe; on secondary supply main, >= 10 pipe diameters downstream of the decoupler tee",CP-1,TB-AI2-07,Main control variable (8°C setpoint); input to the load calculation,Approved
TT-502,502,"RTD Pt100 temperature transmitter, in thermowell",CHW return header temperature,Return main (CHWR),DC-I-001,0,30,°C,4-20 mA,Y,AI,,"In thermowell, tip in middle third of pipe; on return main upstream of the decoupler tee",CP-1,TB-AI2-08,Load calculation (delta-T),Approved
FT-503,503,Magnetic flow meter,Secondary loop flow,Secondary supply main (CHWS),DC-I-001,0,30,L/s,4-20 mA,N,AI,,">= 5D straight upstream, >= 2D downstream; pipe always full",CP-1,TB-AI3-01,Load calculation (flow x delta-T),Approved
PDT-504,504,Differential pressure transmitter,Secondary differential pressure at most remote CRAH (CRAH-1),CRAH-1 supply / return branches,DC-I-001,0,200,kPa,4-20 mA,Y,AI,,"Taps across supply and return at CRAH-1, the hydraulically most remote coil",CP-1,TB-AI3-02,Secondary pump VFD control (80 kPa setpoint),Approved
FT-505,505,Bidirectional magnetic flow meter,Decoupler flow,Decoupler,DC-I-001,-30,30,L/s,4-20 mA,N,AI,,>= 5D straight on both sides (flow reverses); pipe always full,CP-1,TB-AI3-03,Reverse flow = stage-up signal,Approved
PT-506,506,"Pressure transmitter, with root valve",CHW supply header pressure,Primary supply header (CHWS),DC-I-001,0,1000,kPa,4-20 mA,Y,AI,,"On primary supply header, with root valve",CP-1,TB-AI3-04,System pressure monitoring,Approved
LT-511,511,Level transmitter,Expansion tank level,ET-1,DC-I-001,0,100,%,4-20 mA,Y,AI,,On ET-1 level connection,CP-1,TB-AI3-05,Detect water loss,Approved
PT-512,512,"Pressure transmitter, with root valve",System fill pressure at ET-1,ET-1 connection,DC-I-001,0,600,kPa,4-20 mA,Y,AI,,"On ET-1 connection pipe, with root valve",CP-1,TB-AI3-06,Confirms system is filled and pressurized,Approved
LSL-513,513,Level switch,Expansion tank low level,ET-1,DC-I-001,,,,Dry contact,,DI,,On ET-1 low-level connection,CP-1,TB-DI1-09,"Hardwired low-level alarm, independent of LT-511",Approved
XV-601,601,On/off actuated butterfly valve,WSE CHW isolation valve,WSE-1 inlet branch,DC-I-001,,,,24 VDC,,DO,FC,On WSE-1 inlet branch; actuator accessible,CP-1,TB-DO1-03,Mode switching (free cooling path),Approved
ZSC-601,601,Limit switch (closed),XV-601 closed proof,XV-601,DC-I-001,,,,Dry contact,,DI,,On XV-601 actuator,CP-1,TB-DI1-10,Prove the mode switch happened,Approved
ZSO-601,601,Limit switch (open),XV-601 open proof,XV-601,DC-I-001,,,,Dry contact,,DI,,On XV-601 actuator,CP-1,TB-DI1-11,Prove the mode switch happened,Approved
TT-602,602,Outdoor temperature sensor in radiation shield,Outdoor air temperature,"Outdoor, north wall",DC-I-001,-30,50,°C,4-20 mA,Y,AI,,"Shaded north wall, in radiation shield, away from exhausts and tower plume",CP-1,TB-AI3-07,Mode switching (wet-bulb calculation),Approved
MT-603,603,Humidity transmitter in radiation shield,Outdoor relative humidity,"Outdoor, north wall",DC-I-001,0,100,%RH,4-20 mA,Y,AI,,"Shaded north wall, in radiation shield, away from exhausts and tower plume",CP-1,TB-AI3-08,Mode switching (wet-bulb calculation),Approved
